first_name,last_name,email,contact_id
Cecilia,Velasco,cecilia.velasco@rodrigues.fr,4661
Mariana,Ellis,mariana.ellis@rossi.org,3765
Sofie,Woods,sofie.woods@riviere.com,4187
Jeanette,Iannotti,jeanette.iannotti@yahoo.com,4941
Samuel,Sorgatz,samuel.sorgatz@gmail.com,2199
Socorro,Luna,socorro.luna@hotmail.com,5650
Carolina,Murray,carolina.murray@knight.com,5889
Kayla,Moon,kayla.moon@yahoo.de,4842
Ariadna,Geisel,ariadna.geisel@rangel.com,3280
Danielle,Ladeck,danielle.ladeck@scalfaro.net,5468
Tatiana,Thompson,tatiana.thompson@hunt.net,3064
Caleb,Benavides,caleb.benavides@rubio.com,4904
Sandra,Hardy,sandra.hardy@web.de,1299
Lotti,Morris,lotti.morris@yahoo.co.uk,5602
Reinhilde,White,reinhilde.white@voila.fr,5753
Kerry,Patel,kerry.patel@hutchinson.com,4495
Sophie,Antoine,sophie.antoine@andersen.com,4269
Martha,Girard,martha.girard@web.de,2226
Stephanie,King,stephanie.king@cervantes.com,1558
Amanda,Palmer,amanda.palmer@didier.fr,2307
Lina,Alcala,lina.alcala@vespa.net,2900
Itzel,Murphy,itzel.murphy@muelichen.de,5695
Filippo,Parry,filippo.parry@live.com,5708
Katelyn,Cole,katelyn.cole@fiebig.com,1663
Brian,Novak,brian.novak@ford.net,3605
Cilly,Gay,cilly.gay@callegaro.it,4678
Yolanda,Snyder,yolanda.snyder@gmx.de,2251
Evelin,Odonnell,evelin.odonnell@ibarra.net,6202
Ingeborg,Alba,ingeborg.alba@hotmail.com,3715
Marina,Madrid,marina.madrid@galarza-alba.com,4242
Sheila,Goodwin,sheila.goodwin@yahoo.com,4326
Valeria,Rich,valeria.rich@turchetta-mondadori.it,5560
Dustin,Camacho,dustin.camacho@rhodes.org.au,4002
Amalia,Marenzio,amalia.marenzio@grupo.com,3813
Gian,Long,gian.long@hotmail.com,5336
Stewart,Hunt,stewart.hunt@anderson-vargas.biz,4994
Greca,Ruiz,greca.ruiz@carr.co.uk,1471
Gerald,Olivera,gerald.olivera@outlook.com,4482
Jaqueline,Wallace,jaqueline.wallace@gmail.com,3241
John,Lane,john.lane@gregoire.fr,3477
Pero,Joly,pero.joly@bernard.net,2265
Chad,Turner,chad.turner@gmail.com,5911
Adam,Zavala,adam.zavala@guichard.fr,2288
Tyler,Rivera,tyler.rivera@guajardo-ozuna.com,4064
Jens,Graham,jens.graham@jones-buckley.com,1294
Virginia,Caetani,virginia.caetani@sosa.biz,5008
Martino,Wagner,martino.wagner@laposte.net,3604
Martin,Meyer,martin.meyer@davis.co.uk,3263
Marguerite,Walls,marguerite.walls@martinez.fr,5631
Peter,Vogt,peter.vogt@yahoo.com,2851
Nicholas,Christian,nicholas.christian@hotmail.de,3714
Susi,Steinberg,susi.steinberg@preiss.com,1664
Tammy,Ramazzotti,tammy.ramazzotti@gmail.com,5027
Abdul,Thomas,abdul.thomas@vasari.com,3070
Justin,Luxardo,justin.luxardo@googlemail.com,4248
Antonio,Gibson,antonio.gibson@faust.net,2034
Jeremy,Gomez,jeremy.gomez@oconnor.org,4085
Raymond,Solorzano,raymond.solorzano@gmail.com,3569
Flora,Harris,flora.harris@hotmail.com.au,3889
Cheryl,Boyd,cheryl.boyd@segni.it,3136
Rhys,Leiva,rhys.leiva@gmx.de,2103
Mariano,Prieto,mariano.prieto@vodafone.it,2329
Laurie,Fibonacci,laurie.fibonacci@gmail.com,3325
David,Rudolph,david.rudolph@nelson.com,3131
Bryan,Ross,bryan.ross@yahoo.com,4995
Ubaldo,Brown,ubaldo.brown@philippe.com,3631
Clelia,Faulkner,clelia.faulkner@hotmail.com,5373
Sara,Erickson,sara.erickson@yahoo.de,3126
Rupert,Valle,rupert.valle@filogamo.it,2194
Puccio,Kitzmann,puccio.kitzmann@yahoo.com,2906
Thomas,Hutchinson,thomas.hutchinson@gmx.de,2611
Abelardo,Castro,abelardo.castro@gmail.com,2374
Greco,Walker,greco.walker@yahoo.com,3254
Miranda,Lacombe,miranda.lacombe@longoria-vanegas.net,3571
Diana,Schuchhardt,diana.schuchhardt@libero.it,2812
Stacey,Knox,stacey.knox@corporacin.com,3961
Glen,Faivre,glen.faivre@yahoo.com,3872
Andrew,Torres,andrew.torres@ruiz-torres.org,4736
Denny,Fritz,denny.fritz@despacho.biz,5119
Martyn,Caldera,martyn.caldera@hotmail.co.uk,5725
Abigail,Foster,abigail.foster@taylor.net,4037
Anthony,Hauffer,anthony.hauffer@tlustek.org,2109
Roger,Gerlach,roger.gerlach@may-mitchell.co.uk,3283
Christopher,Poirier,christopher.poirier@hotmail.com,6181
Branka,Traore,branka.traore@jacobi.com,3251
Briana,Etienne,briana.etienne@bishop-coates.com,3443
Brandon,Olson,brandon.olson@prince-moreno.net,2988
Celia,Ungaretti,celia.ungaretti@fox.com,1673
Barbara,Guibert,barbara.guibert@casares-sanches.com,2085
Daniela,Bell,daniela.bell@vollbrecht.org,1672
Phyllis,Gurule,phyllis.gurule@rodriguez-pham.com,4426
Alejandra,Joseph,alejandra.joseph@escalante-abrego.biz,3211
Giulio,Bohlander,giulio.bohlander@dbmail.com,3190
Amber,Weller,amber.weller@toso.eu,2081
Mary,Etzold,mary.etzold@conrad-harrison.com,3185
Amy,Georges,amy.georges@raedel.de,5044
Jennifer,Giraud,jennifer.giraud@yahoo.com,1883
Rosie,Peltier,rosie.peltier@voila.fr,2067
Oreste,Ward,oreste.ward@proyectos.com,4604
Luis,Edwards,luis.edwards@live.com,3203
Fiona,Griffiths,fiona.griffiths@curatoli-verdone.it,5758
Sally,Raya,sally.raya@tarchetti.it,5755
Carolyn,Charpentier,carolyn.charpentier@hotmail.de,5150
Nathalie,Alvarez,nathalie.alvarez@live.com,4181
Abril,Lowery,abril.lowery@novak.net,3006
Ottone,Sullivan,ottone.sullivan@hussain-kaur.com,4865
Esmeralda,Sollima,esmeralda.sollima@visintini.it,2862
Silvia,Gierschner,silvia.gierschner@tele2.it,6070
Kyle,Cunningham,kyle.cunningham@voila.fr,5300
Anel,Carpentier,anel.carpentier@klein-joseph.org,3486
Sarah,Davis,sarah.davis@david.com,5989
Luke,Klein,luke.klein@hotmail.com,2849
Gudrun,Mueller,gudrun.mueller@dillon-fuller.info,1612
Melissa,Canali,melissa.canali@libero.it,3307
Gabrielle,Ayala,gabrielle.ayala@hotmail.com,5288
Laura,Buckley,laura.buckley@ryan.org,6026
Wilfrido,Lorch,wilfrido.lorch@leclerc.fr,2212
Robert,Bruder,robert.bruder@manzoni.com,4591
Phillip,Soliz,phillip.soliz@outlook.com,2771
Alex,Smith,alex.smith@fournier.fr,5682
Jessica,Martinez,jessica.martinez@salieri.com,5368
Kelly,Carter,kelly.carter@hotmail.com.au,3706
Ahmad,Sosa,ahmad.sosa@gmail.com,4034
Toralf,Iglesias,toralf.iglesias@borrego.com,3209
Irene,Anichini,irene.anichini@yahoo.com,2384
Alicia,Cainero,alicia.cainero@yahoo.com,3074
Tracey,Laboy,tracey.laboy@bell.biz,2031
Donald,Reynaud,donald.reynaud@green.edu.au,5873
Venancio,Stadelmann,venancio.stadelmann@gmx.de,5501
Seth,Olivier,seth.olivier@yahoo.com,3489
Dennis,Boaga,dennis.boaga@gmx.de,4210
Pedro,Wilson,pedro.wilson@outlook.com,6151
Roland,Weihmann,roland.weihmann@gmail.com,6047
Hector,Morrison,hector.morrison@web.de,5445
Evangelos,Peters,evangelos.peters@sanchez.net,5493
Gerardo,Hamilton,gerardo.hamilton@libero.it,6036
Meta,Cuzzocrea,meta.cuzzocrea@howard-jensen.org,2368
Alma,Raymond,alma.raymond@tin.it,1501
Kathleen,Solimena,kathleen.solimena@wallace.biz,4351
Zacharie,Cordier,zacharie.cordier@gmail.com,3096
Riza,Techer,riza.techer@yahoo.com,6162
Enrique,Guillen,enrique.guillen@hotmail.co.uk,1433
Tristan,Weeks,tristan.weeks@pena.com,2720
Natalie,Lerma,natalie.lerma@boucher.com,5251
Rodney,Hamon,rodney.hamon@hotmail.com,1797
Adalberto,Lombardo,adalberto.lombardo@sfr.fr,1656
Florencia,Querini,florencia.querini@gmail.com,1346
Liam,Rolland,liam.rolland@yahoo.fr,2989
Ian,Kelly,ian.kelly@reeves.com.au,5629
Mehdi,Todd,mehdi.todd@web.de,3456
Rembrandt,Liguori,rembrandt.liguori@davis.org,3229
Irmi,Schweitzer,irmi.schweitzer@ozuna.com,2277
Gioffre,Stein,gioffre.stein@hotmail.com.au,1276
Frida,Villarreal,frida.villarreal@hotmail.de,3694
Steffen,Mangold,steffen.mangold@paul.net,2260
Elias,Marin,elias.marin@herve.net,5374
Roman,Gonzalez,roman.gonzalez@anderson.net,4420
Reina,Middleton,reina.middleton@hotmail.com,3849
Sandro,Moran,sandro.moran@hotmail.de,1638
Gebhard,Thanel,gebhard.thanel@gmail.com,5230
Antonino,Bolander,antonino.bolander@gmail.com,1763
Karl,Trevisani,karl.trevisani@anguissola.it,4323
Silvester,Brookes,silvester.brookes@franco.org,5256
Octavio,Pratt,octavio.pratt@web.de,4836
Rebecca,Greer,rebecca.greer@hotmail.com,5981
Pierina,Gaggini,pierina.gaggini@free.fr,1463
Robin,Schleich,robin.schleich@rogers-barrera.biz,4577
Sergio,Abbott,sergio.abbott@moore.net.au,4951
Gilberto,Evans,gilberto.evans@salcedo-archuleta.net,3567
James,Elliott,james.elliott@gmail.com,5475
Timoteo,Bolnbach,timoteo.bolnbach@laboratorios.com,2114
Tonino,Stanley,tonino.stanley@hotmail.com,5216
Margaretha,Murialdo,margaretha.murialdo@meunier.com,1665
Bianca,Drubin,bianca.drubin@libero.it,6051
Kaylee,Hoffmann,kaylee.hoffmann@poulain.com,3983
Teresa,Vecellio,teresa.vecellio@yahoo.com,2966
Emine,Tacchini,emine.tacchini@dbmail.com,4478
Dawn,Cortez,dawn.cortez@gmail.com,4238
Emily,Cundari,emily.cundari@clark.com.au,4404
Eleanor,Hall,eleanor.hall@hotmail.com,5666
Monique,Delgadillo,monique.delgadillo@hotmail.co.uk,3691
Arnaude,Warner,arnaude.warner@gmail.com,2703
Jason,Howell,jason.howell@gmx.de,4253
Nicole,Mccullough,nicole.mccullough@hall.com,5652
Rosmarie,Esquibel,rosmarie.esquibel@bouygtel.fr,3279
Leonor,Ferreira,leonor.ferreira@gmail.com,3233
Brett,Jones,brett.jones@alice.it,3017
Nino,Bien,nino.bien@gmail.com,3482
Jemma,Tate,jemma.tate@hotmail.de,2166
Denis,Rogers,denis.rogers@poste.it,4146
Vanesa,Khan,vanesa.khan@voila.fr,2651
Victoria,Ojeda,victoria.ojeda@doehn.com,1409
Eugenio,Martin,eugenio.martin@yahoo.de,3717
Nancy,Hayes,nancy.hayes@hotmail.com,3963
Lara,Jacob,lara.jacob@buckley.org,2152
Gino,Hernandez,gino.hernandez@covarrubias.com,2974
Vicente,Tijerina,vicente.tijerina@montanariello.com,1268
Michele,Brambilla,michele.brambilla@yahoo.com,1822
Dana,Ritacca,dana.ritacca@gmail.com,5066
Mitchell,Bachmann,mitchell.bachmann@suarez-cruz.com,5075
Vincenza,Key,vincenza.key@adams.com,3855
Salvador,Gaillard,salvador.gaillard@yahoo.de,5923
Diane,Rogner,diane.rogner@kelly.co.uk,1867
Josette,Laine,josette.laine@saracino-parisi.net,4376
Courtney,Fiebig,courtney.fiebig@doerschner.com,2785
Hugues,Oliver,hugues.oliver@stiffel.com,5884
Espartaco,Willis,espartaco.willis@hotmail.com,2441
Flavia,Yoder,flavia.yoder@hotmail.de,1243
Casey,Flores,casey.flores@baggio.org,3411
Calogero,Cross,calogero.cross@mercantini.it,2467
Charles,Begum,charles.begum@laboratorios.info,1850
Adina,Pollard,adina.pollard@outlook.com,2604
Natasha,Lara,natasha.lara@outlook.com,1693
Benita,Pottier,benita.pottier@sfr.fr,2969
Elizabeth,Valdivia,elizabeth.valdivia@gmail.com,1544
Mattia,Huet,mattia.huet@aol.de,4149
Geza,Howard,geza.howard@voila.fr,3463
Lauren,Guillaume,lauren.guillaume@sorgatz.org,2939
Joanna,Baxter,joanna.baxter@bruce-wright.com,2202
Tracy,Metz,tracy.metz@bryant.info,1728
Birgit,Pena,birgit.pena@armellini.it,5362
Elvira,Papafava,elvira.papafava@ifrance.com,4840
Ernest,Delorme,ernest.delorme@dowerg.de,2955
Christy,Grossi,christy.grossi@alarcon-tafoya.com,5354
Hermelinda,Olmos,hermelinda.olmos@portillo.com,3847
Herbert,Fraser,herbert.fraser@holloway.org.au,3025
Giancarlo,Heydrich,giancarlo.heydrich@hotmail.com,1615
Constance,Maldonado,constance.maldonado@spiess.net,5154
Giampiero,Carlier,giampiero.carlier@hotmail.com,5005
Carlo,Jacquot,carlo.jacquot@hotmail.com,1349
Gabriel,Robles,gabriel.robles@yahoo.com,3670
Gerd,Gunpf,gerd.gunpf@gmail.com,2912
Ashley,Hellwig,ashley.hellwig@libero.it,4336
Patrick,Rosas,patrick.rosas@yahoo.com,5576
Lilla,Leonard,lilla.leonard@jungfer.com,2736
Tony,Nicolas,tony.nicolas@morrocco-seddio.net,3321
Allegra,Benedetti,allegra.benedetti@miller.com,3353
Camille,Tafuri,camille.tafuri@aol.de,2336
Juan,Wheeler,juan.wheeler@gilmore.net,4369
Leopoldo,Johnson,leopoldo.johnson@hotmail.com.au,4464
Dietmar,Grenier,dietmar.grenier@tele2.it,5626
Leonid,Scholl,leonid.scholl@collin.com,1669
Olivie,Contarini,olivie.contarini@marshall-wright.biz,5544
Jeffery,Lacroix,jeffery.lacroix@medina.org,6078
Edeltraud,Chavez,edeltraud.chavez@hotmail.com.au,2580
Mesut,Morvan,mesut.morvan@gmail.com,3592
Gregory,Jackson,gregory.jackson@ortiz.com,4914
Nicola,Rossi,nicola.rossi@berry.org,3848
Eddie,Collazo,eddie.collazo@gmail.com,2619
Philippe,Gardner,philippe.gardner@howells-jones.net,4605
Roy,Fox,roy.fox@tejeda.com,6147
Heiderose,Garcia,heiderose.garcia@noos.fr,1383
Claudine,Rowley,claudine.rowley@industrias.com,1757
Astrid,Roht,astrid.roht@fastwebnet.it,4390
Auguste,Burnett,auguste.burnett@yahoo.fr,4165
Pellegrino,Allen,pellegrino.allen@gmail.com,4529
Angela,Bowers,angela.bowers@laboratorios.com,6084
Michael,Descamps,michael.descamps@gmail.com,2916
Heidelore,Kennedy,heidelore.kennedy@guinizzelli.org,2005
Lucrezia,Koch,lucrezia.koch@petit.com,2261
Ivan,Accardo,ivan.accardo@web.de,5342
Karen,Avogadro,karen.avogadro@yahoo.com,4087
Laetitia,Gallet,laetitia.gallet@aubry.org,2761
Amico,Gosselin,amico.gosselin@shaw.info,2908
Ilaria,Bowen,ilaria.bowen@hotmail.it,2155
Marlen,Coardi,marlen.coardi@colletti.eu,5642
Rafael,Alexander,rafael.alexander@jenkins.com,6217
Herma,Gabbana,herma.gabbana@hotmail.com,4222
Zachary,Vespucci,zachary.vespucci@industrias.com,4798
Marisol,Richard,marisol.richard@gmail.com,5660
Joseph,Glover,joseph.glover@laposte.net,5000
Lauretta,Neal,lauretta.neal@hotmail.de,2809
Simone,Sauvage,simone.sauvage@yahoo.com,3349
Ramona,Brooks,ramona.brooks@kensy.de,3647
Gioele,Schwital,gioele.schwital@moody.com,5745
Elena,Jimenez,elena.jimenez@yahoo.com.au,2583
Pam,Vargas,pam.vargas@guillot.net,5441
Alison,Morales,alison.morales@lewis.com,2090
Marc,Aumann,marc.aumann@holland.com,3386
Carla,Butler,carla.butler@yahoo.com,1816
Dionigi,Bruce,dionigi.bruce@industrias.com,4718
Frank,Henry,frank.henry@yahoo.com,1677
Brent,Pons,brent.pons@proyectos.net,4218
Patricia,Liebelt,patricia.liebelt@baca.org,4548
Micheletto,Sykes,micheletto.sykes@thompson-thompson.com,1431
Rose,Blanc,rose.blanc@grupo.com,2830
Vincent,Singh,vincent.singh@gmail.com,4400
Jamie,Peacock,jamie.peacock@interiano-nordio.com,5773
Giorgia,Dijoux,giorgia.dijoux@paul.com,4161
Serena,Piacentini,serena.piacentini@yahoo.de,2062
Dimitri,Posada,dimitri.posada@gmail.com,3458
Alexa,Barillaro,alexa.barillaro@ramos.net,3174
Megan,Kuhl,megan.kuhl@despacho.com,5565
Kaitlyn,Farinelli,kaitlyn.farinelli@outlook.com,1906
Jonathan,Castellitto,jonathan.castellitto@libero.it,5479
Lisa,Terragni,lisa.terragni@proyectos.com,4320
Olivier,Petrucelli,olivier.petrucelli@letta-raurica.eu,4213
Jos,Trobbiani,jos.trobbiani@samson.com,3373
Mirjam,Dawson,mirjam.dawson@yahoo.com,4184
Javier,Tessier,javier.tessier@mclaughlin.biz,5472
Mirjana,Collins,mirjana.collins@hotmail.com,5559
Vanessa,Tschentscher,vanessa.tschentscher@mitchell.com,5419
Antonina,Cobb,antonina.cobb@gibson.org,4171
Bernard,Durand,bernard.durand@royer.com,1302
Corey,Greggio,corey.greggio@johnson.org.au,3520
Rodolfo,Couturier,rodolfo.couturier@tim.it,6010
Pierre,Cardenas,pierre.cardenas@luzi-bonomo.eu,4617
Romeo,Surian,romeo.surian@batista.com,1417
Ivo,Moreno,ivo.moreno@hotmail.com,4770
Federico,Marie,federico.marie@jourdan.fr,4328
Maggie,Boito,maggie.boito@yahoo.com,5171
Brianna,Hanson,brianna.hanson@stanley.com,4394
Heiko,Bourgeois,heiko.bourgeois@togliatti.com,1794
Benito,Gritti,benito.gritti@gmail.com,3510
Mitzy,Junk,mitzy.junk@zaragoza.com,2487
Samantha,Lowe,samantha.lowe@praga.it,2215
Ernesto,Nerger,ernesto.nerger@middleton.co.uk,4136
Melinda,Canova,melinda.canova@orange.fr,3723
Mohammad,Hartung,mohammad.hartung@hotmail.com,5842
Ben,Maillot,ben.maillot@ramos.net,3289
Isabel,Pruschke,isabel.pruschke@gmail.com,1249
Linda,Franceschi,linda.franceschi@richards.net,5409
Olivia,Striebitz,olivia.striebitz@gmail.com,2951
Penny,Watson,penny.watson@matthews.net,3432
Manfred,James,manfred.james@davies.org,2297
Hazel,Pierce,hazel.pierce@outlook.com,6161
Alf,Bates,alf.bates@dunn.com,4603
Scott,Gough,scott.gough@industrias.com,5818
Konrad,Briones,konrad.briones@fierro.com,4270
Mathilde,Kruschwitz,mathilde.kruschwitz@yahoo.com,6007
Irma,Gemito,irma.gemito@googlemail.com,4084
Antoine,Guyon,antoine.guyon@yahoo.com,1340
William,Gibilisco,william.gibilisco@gaillard.com,5675
Judith,Butte,judith.butte@fischer-vaughn.info,2010
Joanne,Henderson,joanne.henderson@gmail.com,6201
Ludovica,Arellano,ludovica.arellano@morandi-argento.com,1791
Catherine,Gray,catherine.gray@hotmail.com,3314
Franco,Fioravanti,franco.fioravanti@barry-gill.com.au,5852
Heather,Zimmer,heather.zimmer@bluemel.de,4618
Hortense,Taylor,hortense.taylor@chambers.biz,2618
Livia,Ernst,livia.ernst@colas.fr,4967
Toby,Etzler,toby.etzler@industrias.com,4594
Ennio,Leoncavallo,ennio.leoncavallo@sanchez.org,2080
Philippine,Vaca,philippine.vaca@hotmail.com,2793
Rhonda,Phillips,rhonda.phillips@yahoo.com,4890
Alphonse,Nitto,alphonse.nitto@voila.fr,3528
Karina,Arreola,karina.arreola@yahoo.com.au,5810
Denise,Wood,denise.wood@mantegna.com,5720
Burghard,Rosenow,burghard.rosenow@hotmail.com,4593
Friedl,Powell,friedl.powell@laposte.net,3186
Benjamin,Schultz,benjamin.schultz@rivero-davila.com,5136
Rachel,Ulibarri,rachel.ulibarri@schueler.com,2646
Silvano,Blanchet,silvano.blanchet@yahoo.com,3460
Kurt,Sauer,kurt.sauer@almanza.biz,4345
Nayeli,Gehringer,nayeli.gehringer@hotmail.com,2690
Imelda,Guerin,imelda.guerin@stumpf.net,4025
Zbigniew,Holmes,zbigniew.holmes@stiffel.net,4524
Adela,Alfonsi,adela.alfonsi@despacho.com,3978
Hilary,Clark,hilary.clark@libero.it,3910
Kornelius,Molina,kornelius.molina@heuser.com,5825
Christian,Anderson,christian.anderson@tim.it,3564
Francisco,Dorsey,francisco.dorsey@tiscali.fr,2396
Walli,Albert,walli.albert@dussen.com,2140
Siegrun,Mota,siegrun.mota@matthews-montoya.org.au,3079
Alberico,Herve,alberico.herve@beer.net,2017
Serafina,Bonnin,serafina.bonnin@mendes.com,5444
Marcelle,Bender,marcelle.bender@edwards-robinson.info,2216
Hartmuth,Robertson,hartmuth.robertson@thomas.edu.au,1241
Herlinde,George,herlinde.george@free.fr,1484
Pamela,Payne,pamela.payne@yahoo.com,3475
Gastone,Beyer,gastone.beyer@stewart-sanchez.edu,4333
Lydia,Berengario,lydia.berengario@aol.de,5657
Lucy,Davidson,lucy.davidson@tele2.it,2527
Franck,Wade,franck.wade@gute.org,5967
Heidi,Barker,heidi.barker@gmail.com,5698
Arnaldo,Ocasio,arnaldo.ocasio@hotmail.com,3331
Francis,Bernier,francis.bernier@rodriguez.com,3841
Johanne,Strong,johanne.strong@yahoo.de,6105
Debra,Langlois,debra.langlois@schmiedecke.com,3895
Reingard,Kambs,reingard.kambs@sagese.eu,1891
Mauro,Ortiz,mauro.ortiz@oquendo.net,1281
Griselda,Carranza,griselda.carranza@krause.de,4186
Janet,Madrigal,janet.madrigal@gmail.com,2511
Jenna,Day,jenna.day@reed.com,4272
Modesto,Wright,modesto.wright@pareto.com,3533
Alice,Wall,alice.wall@zaccardo.it,3618
Brenda,Sontag,brenda.sontag@solari.com,2177
Sergius,Mace,sergius.mace@palazzo.com,4102
Antonia,Kline,antonia.kline@gmail.com,6089
Maurice,Gumprich,maurice.gumprich@griffin.net.au,4701
Daniel,Anders,daniel.anders@yahoo.com,5645
Zaira,Cattaneo,zaira.cattaneo@yahoo.com,4499
Alessio,Bruneau,alessio.bruneau@hotmail.co.uk,3365
Gerdi,Guerrero,gerdi.guerrero@tele2.fr,2290
Brigitte,Stiebitz,brigitte.stiebitz@gmail.com,1890
June,Sinisi,june.sinisi@manzoni-giannini.it,1304
Carl,Macias,carl.macias@yahoo.com,3799
Veronica,Trapp,veronica.trapp@tiscali.it,2749
Frances,Garnier,frances.garnier@aporti-guidotti.org,2028
Terri,Iannelli,terri.iannelli@hotmail.com,2383
Odette,Moore,odette.moore@hall.edu,5721
Mercedes,Trujillo,mercedes.trujillo@aol.de,1394
Babette,Dumas,babette.dumas@brady.net,3451
Jerry,Santiago,jerry.santiago@soprano-ferragni.it,5512
Ronald,Simpson,ronald.simpson@ovadia.net,2453
Emmanuel,Dominguez,emmanuel.dominguez@gmail.com,6055
Christiane,Ricciardi,christiane.ricciardi@zavala.com,5704
Ingolf,Zamora,ingolf.zamora@yahoo.com.au,3707
Rita,Sharp,rita.sharp@beard-scott.edu.au,2205
Geraldine,Cabrera,geraldine.cabrera@green-smith.info,5976
Chantal,Armas,chantal.armas@jenkins.net,3290
Louis,Gilbert,louis.gilbert@gmail.com,4257
Michelle,Collier,michelle.collier@peruzzi.it,4588
Guillermina,Nicholson,guillermina.nicholson@grondin.fr,4785
Bertrand,Hopkins,bertrand.hopkins@gmail.com,3033
Alonso,Palomo,alonso.palomo@gehringer.de,2779
Tina,Rodriguez,tina.rodriguez@web.de,2131
Eva,Francis,eva.francis@parker.org,6229
Ottavio,Rust,ottavio.rust@crespi.com,3429
Amelia,Olvera,amelia.olvera@hotmail.com,1613
Paul,Palladio,paul.palladio@mclaughlin.net.au,4734
Bernardo,Wieloch,bernardo.wieloch@budig.com,4439
Umberto,Hicks,umberto.hicks@hill.com,1441
Janko,Bishop,janko.bishop@tim.it,5799
Jessika,Meunier,jessika.meunier@gmx.de,1419
Isaac,Benard,isaac.benard@googlemail.com,3059
Alexandrie,Lambert,alexandrie.lambert@yahoo.com,3224
Roberto,Guyot,roberto.guyot@bennett.com,3181
Giulietta,Lucas,giulietta.lucas@club.com,6061
Damaris,Pininfarina,damaris.pininfarina@gmail.com,4466
Fabrizia,Renard,fabrizia.renard@higgins-marks.com,6081
Camillo,Dehmel,camillo.dehmel@brown-campbell.com,2159
Ruggero,Parpinel,ruggero.parpinel@gmail.com,3324
Stephen,Pratesi,stephen.pratesi@hotmail.com,3176
Ludger,Naccari,ludger.naccari@ingram.biz,5874
Meryem,Tapia,meryem.tapia@yahoo.com,5110
Jasmine,Juvara,jasmine.juvara@yahoo.com.au,5490
Victoire,Travaglia,victoire.travaglia@zacchia.com,1922
Adrian,Noel,adrian.noel@perrin.com,4398
Marvin,Howe,marvin.howe@gmail.com,4754
Hanne,Kidd,hanne.kidd@yahoo.com,3309
Donatello,Millet,donatello.millet@fritsch.net,1244
Eloisa,Pascarella,eloisa.pascarella@gmail.com,2892
Erica,Zambrano,erica.zambrano@gmail.com,2777
Paula,Canales,paula.canales@gilmore-guerrero.com,4952
Claudia,Bernard,claudia.bernard@mazzanti.it,5144
Paulina,Miller,paulina.miller@lewis-barker.com,5487
Kathrin,Godfrey,kathrin.godfrey@tele2.fr,1932
Pina,Passalacqua,pina.passalacqua@yahoo.co.uk,3364
Julien,Miles,julien.miles@stevens-rose.com,5165
Suzanne,Benigni,suzanne.benigni@mennea-morlacchi.com,3858
Annalisa,Pugh,annalisa.pugh@hotmail.fr,4666
Mathew,Maestas,mathew.maestas@casas-garrido.com,2896
Laszlo,Vallee,laszlo.vallee@verdier.com,4520
Helen,Polanco,helen.polanco@hotmail.com,5726
Mateo,Sorrentino,mateo.sorrentino@calderon.com,5661
Eric,Barnes,eric.barnes@barrett-winter.com,4765
Dragica,West,dragica.west@yahoo.com.au,3710
Antje,Voisin,antje.voisin@gmail.com,4925
Stanley,Mills,stanley.mills@parker-lee.biz,1533
Brandy,Meraz,brandy.meraz@yahoo.com,5264
Conor,Reinhardt,conor.reinhardt@yahoo.com.au,4606
Gabino,Blot,gabino.blot@lewis-russell.org,2043
Alvaro,Lemus,alvaro.lemus@yahoo.com,3871
Patrizia,Wilms,patrizia.wilms@dbmail.com,6205
Metin,Coulon,metin.coulon@ashley.com,3193
Reece,Valencia,reece.valencia@laboy-palomo.com,1810
Troy,Schmiedecke,troy.schmiedecke@picard.com,4797
Wendy,Bustos,wendy.bustos@libero.it,1487
Guglielmo,Caldwell,guglielmo.caldwell@loeffler.com,3474
Travis,Cowan,travis.cowan@turner.info,5771
Brandi,Abbagnale,brandi.abbagnale@tele2.fr,6074
Hanno,Gollum,hanno.gollum@smith.com,1568
Jutta,Burke,jutta.burke@elliott.com,4263
Dorothe,Paz,dorothe.paz@fiebig.de,5850
Desiree,Huerta,desiree.huerta@morris.com,5619
Ilse,Bray,ilse.bray@venturi.it,1904
Pierpaolo,Scaduto,pierpaolo.scaduto@sanders-gibson.com.au,5388
Amedeo,Bradford,amedeo.bradford@yahoo.com,2150
Julia,Ali,julia.ali@yahoo.com,2653
Catalina,Pizzetti,catalina.pizzetti@tim.it,2687
Dylan,Porzio,dylan.porzio@yahoo.de,3779
Iris,Trincavelli,iris.trincavelli@tiscali.fr,1494
Johnathan,Guidotti,johnathan.guidotti@cox-sanchez.net,4129
Walburga,Vollbrecht,walburga.vollbrecht@aol.de,3035
Kendra,David,kendra.david@allan-morton.com,2069
Aleksandr,Weiss,aleksandr.weiss@blanc.org,5469
Cornelio,Guardado,cornelio.guardado@gmail.com,3903
Ferdi,Blackburn,ferdi.blackburn@christensen.net,4083
Bill,Gallagher,bill.gallagher@green.com,4003
Leonard,Harvey,leonard.harvey@hotmail.com,3565
Milan,Montenegro,milan.montenegro@langern.com,1640
Philip,Perez,philip.perez@hotmail.co.uk,4769
Kathryn,Hentschel,kathryn.hentschel@shaw.com,3398
Xavier,Samson,xavier.samson@baggio.it,1865
Hartwig,Roberts,hartwig.roberts@saraceno.net,5690
Kimberly,Chan,kimberly.chan@gmail.com,3814
Lorraine,Crawford,lorraine.crawford@gmail.com,2942
Maximiliano,Knowles,maximiliano.knowles@gmail.com,5095
Gabriella,Avila,gabriella.avila@gmail.com,2878
Rico,Mortati,rico.mortati@faivre.fr,3697
Gail,Petrocelli,gail.petrocelli@yahoo.com,4744
Liberto,Niemeier,liberto.niemeier@germano-dibiasi.it,2104
Luciana,Petitjean,luciana.petitjean@patterson-cole.biz,4883
Ron,Cavazos,ron.cavazos@yahoo.com,4807
Aldo,Cibin,aldo.cibin@gmx.de,1372
Alexandre,Serrano,alexandre.serrano@yahoo.co.uk,3666
Lori,Fagotto,lori.fagotto@hill-anderson.com,2066
Perla,Figueroa,perla.figueroa@live.com,1834
Reginald,Hughes,reginald.hughes@gmail.com,5853
Uriel,Holt,uriel.holt@gmail.com,2219
Stefano,Lemonnier,stefano.lemonnier@binner.com,4148
Madeleine,Cooper,madeleine.cooper@poste.it,4477
Alban,Barbier,alban.barbier@ortiz.org,1786
Alfonso,Finetti,alfonso.finetti@quiroz.com,3455
Ryan,Kim,ryan.kim@noos.fr,5707
Augustin,Wohlgemut,augustin.wohlgemut@watson.info,5470
Rolando,Bibi,rolando.bibi@tin.it,3274
Berthold,Randall,berthold.randall@mcdonald.com,4613
Genaro,Briand,genaro.briand@sfr.fr,4465
Rudolf,Jenkins,rudolf.jenkins@hotmail.com,1652
Pauline,Ackermann,pauline.ackermann@arredondo-roque.com,2100
Folker,Swanson,folker.swanson@rodrigues.fr,4321
Ashleigh,Montez,ashleigh.montez@perry-schneider.com,4168
Liliana,Barber,liliana.barber@libero.it,3733
Caridad,Carr,caridad.carr@huhn.com,2594
Lolita,Borrego,lolita.borrego@gmail.com,3909
Gunar,Patrick,gunar.patrick@leroy.com,5179
Leokadia,Verdier,leokadia.verdier@hotmail.com.au,2228
Hanna,Reid,hanna.reid@salas.org,6222
Edelgard,Kreusel,edelgard.kreusel@hotmail.com,2354
Svenja,Perrin,svenja.perrin@berger.com,1725
Pierluigi,Taccola,pierluigi.taccola@gmx.de,2960
Cilli,Watts,cilli.watts@yahoo.com,2077
Emiliano,Wells,emiliano.wells@gmx.de,5662
April,Davids,april.davids@fisher.info,3481
Dolores,Didier,dolores.didier@yahoo.com.au,2565
Sylvia,Bonomo,sylvia.bonomo@poulain.com,4436
Nelly,Marsh,nelly.marsh@hotmail.it,5072
Beth,Miniati,beth.miniati@hudson.net,5200
Renee,Merino,renee.merino@gmail.com,4502
Hailey,Russell,hailey.russell@jourdan.org,4945
Raphaela,Gotthard,raphaela.gotthard@outlook.com,3012
Pomponio,Comencini,pomponio.comencini@hotmail.co.uk,6094
Leone,Richardson,leone.richardson@yahoo.com,3815
Valentine,Acosta,valentine.acosta@peters.net,4838
Ricciotti,Laureano,ricciotti.laureano@parsons.com,3469
Jacques,Heidrich,jacques.heidrich@zamudio-chapa.com,4874
Anne,Snow,anne.snow@gmail.com,1792
Sonia,Volta,sonia.volta@gmx.de,4356
Dale,Leblanc,dale.leblanc@stewart.com,6196
Alejandro,Cruz,alejandro.cruz@hotmail.com,3578
Elsa,Cugia,elsa.cugia@yahoo.com,4491
Geronimo,Pechel,geronimo.pechel@hotmail.com,3054
Melania,Klemm,melania.klemm@seidel.com,1968
Katherine,Cooley,katherine.cooley@yahoo.com,5869
Guillermo,Larsen,guillermo.larsen@yahoo.com,5858
Jill,Barrios,jill.barrios@gmail.com,5203
Austin,Musatti,austin.musatti@tin.it,2577
Jacinto,Rose,jacinto.rose@yahoo.com,3216
Lucie,Redi,lucie.redi@googlemail.com,2037
Tania,Chapman,tania.chapman@remy.com,3867
Alexandria,Best,alexandria.best@yahoo.co.uk,5109
Edward,Scott,edward.scott@yahoo.com,1376
Jake,Wiley,jake.wiley@outlook.com,5260
Claudio,Reuter,claudio.reuter@morgan-collins.org.au,2350
Laure,Traetta,laure.traetta@kay-perkins.co.uk,2269
Magarete,Valentin,magarete.valentin@yahoo.com,3650
Paige,Hill,paige.hill@jones.org.au,3934
Fulvio,Curiel,fulvio.curiel@reynolds.com,4048
Thibaut,Camarillo,thibaut.camarillo@hotmail.com,4266
Romana,Blanchard,romana.blanchard@googlemail.com,3863
Thibault,Savorgnan,thibault.savorgnan@butler.biz,4922
Alexander,Pausini,alexander.pausini@gonzalez.info,4517
Pierangelo,Scholtz,pierangelo.scholtz@lefevre.com,3259
Emmanuelle,Keller,emmanuelle.keller@morton-clarke.com,3123
Isabella,Deleon,isabella.deleon@web.de,3870
Timothy,Weitzel,timothy.weitzel@gmail.com,2996
Alfredo,Ingram,alfredo.ingram@hotmail.com,2993
Francesca,Kade,francesca.kade@luna-rael.org,4556
Tonia,Coleman,tonia.coleman@hotmail.com,2326
Gottfried,Barbe,gottfried.barbe@hotmail.com,4109
Jeffrey,Trommler,jeffrey.trommler@yahoo.com,5739
Giacobbe,Owens,giacobbe.owens@huet.fr,5887
Conchita,Pagliaro,conchita.pagliaro@googlemail.com,1651
Kevin,Delahaye,kevin.delahaye@ellis-wilson.com,1628
Rouven,Ovadia,rouven.ovadia@gmail.com,2642
Piermaria,Laporte,piermaria.laporte@wesack.com,6020
Karolin,Johann,karolin.johann@hotmail.com,4747
Steven,Folliero,steven.folliero@noos.fr,5534
Livio,Rosselli,livio.rosselli@green.co.uk,4790
Gaetano,Leonardi,gaetano.leonardi@despacho.com,4632
Cynthia,Robinson,cynthia.robinson@gilles.net,1952
Eleni,Aponte,eleni.aponte@club-internet.fr,4388
Noelia,Romo,noelia.romo@yahoo.com,5529
Evelyn,Haynes,evelyn.haynes@clark.info,1316
Katharine,Zaccagnini,katharine.zaccagnini@hotmail.com,1670
Lea,Merle,lea.merle@stey.de,4909
Marta,Huynh,marta.huynh@hernandez.info,3401
Amador,Riley,amador.riley@hotmail.com,4619
Julie,Coles,julie.coles@hotmail.fr,4722
Beverley,Telesio,beverley.telesio@regnier.fr,2188
Corinne,Mitschke,corinne.mitschke@hauffer.net,5497
Valerie,Ortega,valerie.ortega@tele2.it,5711
Carlos,Delle,carlos.delle@hicks.com,4076
Christina,Besnard,christina.besnard@delorme.com,1847
Rosario,Jacques,rosario.jacques@yahoo.com,2816
Celal,Fischer,celal.fischer@aol.de,5019
Leonardo,Guzman,leonardo.guzman@andreozzi-abba.com,4869
Clinton,Mason,clinton.mason@yahoo.com,3613
Loretta,Mallet,loretta.mallet@sansoni-toscani.it,3069
Lorenzo,Roero,lorenzo.roero@hotmail.co.uk,2601
Lando,Gutierrez,lando.gutierrez@heser.com,2133
Elaine,Patterson,elaine.patterson@rose-morris.org,3164
Marcella,Govoni,marcella.govoni@barkholz.net,3897
Ettore,Amaldi,ettore.amaldi@germain.com,5663
Rufino,Gallegos,rufino.gallegos@webster-newton.co.uk,3879
Georges,Richards,georges.richards@macdonald.com,5900
Janice,Infantino,janice.infantino@hotmail.com,2272
Svetlana,Montanariello,svetlana.montanariello@putz.de,5436
Agnolo,Cedillo,agnolo.cedillo@laboratorios.biz,3676
Hannah,Jockel,hannah.jockel@ceravolo-tonisto.eu,4676
Yvonne,Stout,yvonne.stout@sims.edu,1563
Anouk,Pace,anouk.pace@gmail.com,4349
Esteban,Valdez,esteban.valdez@hotmail.com,1658
Angelina,Davies,angelina.davies@hotmail.com,2552
Anastasie,Cadena,anastasie.cadena@live.com,4847
Hansjoachim,Lettiere,hansjoachim.lettiere@hall-mcdaniel.net,1553
Yeni,Tejada,yeni.tejada@olson.edu.au,2632
Dulce,Adinolfi,dulce.adinolfi@hotmail.com,1908
Sean,Mielcarek,sean.mielcarek@gmail.com,5801
Omar,Fonseca,omar.fonseca@grupo.org,1935
Henry,Gucci,henry.gucci@leleu.fr,2609
Samira,Bottaro,samira.bottaro@vasseur.fr,2740
Korinna,Arnold,korinna.arnold@zapata-saenz.biz,1907
Marcela,Ferrante,marcela.ferrante@gmx.de,1831
Douglas,Amaya,douglas.amaya@favata-brenna.net,5177
Katherina,Barrientos,katherina.barrientos@trobbiani.eu,6179
Brittany,Tran,brittany.tran@tele2.it,2917
Caroline,Reeves,caroline.reeves@yahoo.com,1486
Joe,Michaud,joe.michaud@yahoo.fr,3735
Marco,Vittadello,marco.vittadello@gmail.com,3838
Kim,Webb,kim.webb@yahoo.com.au,2430
Eugenia,Zichichi,eugenia.zichichi@yahoo.com,2480
Aurore,Rosemann,aurore.rosemann@leoncavallo-rusticucci.com,3431
Giustino,Luzi,giustino.luzi@rolland.fr,1742
Anita,Galindo,anita.galindo@gmail.com,4628
Gunhild,Carrillo,gunhild.carrillo@elliott-gilbert.org,2385
Rosa,Paul,rosa.paul@bien.com,2213
Marliese,Oneal,marliese.oneal@gmail.com,5188
Bethany,Hartmann,bethany.hartmann@yahoo.com,3418
Irina,Martineau,irina.martineau@gmail.com,5637
Beatriz,Moulin,beatriz.moulin@pinto.com,3530
Lucas,Austin,lucas.austin@gmail.com,3731
Carole,Nohlmans,carole.nohlmans@yahoo.com,3219
Bozena,Schmitt,bozena.schmitt@vallet.com,2392
Aimee,Foconi,aimee.foconi@outlook.com,5103
Marzena,Carrero,marzena.carrero@roskoth.de,3992
Raisa,Poulain,raisa.poulain@fastwebnet.it,2442
Marcantonio,Bennett,marcantonio.bennett@hopkins.com.au,2913
Kenneth,Hurst,kenneth.hurst@meunier.net,1631
Marisela,Mende,marisela.mende@godoy-enriquez.com,4073
Blanka,Villareal,blanka.villareal@monduzzi.net,4568
Tomislav,Stoppani,tomislav.stoppani@corporacin.org,1830
Krystal,Ammaniti,krystal.ammaniti@barbier.fr,2623
Deanna,Aporti,deanna.aporti@bouygtel.fr,4327
Donatella,Burns,donatella.burns@yahoo.de,3713
Margrit,Hooper,margrit.hooper@douglas.com,2389
Baccio,Marcacci,baccio.marcacci@laposte.net,5141
Alfio,Roman,alfio.roman@hotmail.co.uk,3522
Soledad,Soto,soledad.soto@hotmail.de,1334
Josh,Cimarosa,josh.cimarosa@hotmail.com,4721
Nath,Rico,nath.rico@yahoo.com,3768
Gary,Armani,gary.armani@web.de,1639
Miriam,Oquendo,miriam.oquendo@smith-watson.biz,5149
Monica,Mohaupt,monica.mohaupt@live.com,2153
Alec,Ho,alec.ho@parra-esparza.com,2767
Harry,Fouquet,harry.fouquet@ibarra-cooper.com,5124
Arcelia,Babati,arcelia.babati@orange.fr,2097
Trinidad,Vespa,trinidad.vespa@gmail.com,4796
Colette,Ryan,colette.ryan@hotmail.com,5849
Richard,Andre,richard.andre@porras.org,1495
Ellinor,Leclercq,ellinor.leclercq@gmail.com,2462
Patricio,Guillon,patricio.guillon@web.de,2280
Kirsten,Chindamo,kirsten.chindamo@carrillo-wall.com,1877
Leo,Petruzzi,leo.petruzzi@yahoo.com,6108
Margot,Tomaselli,margot.tomaselli@junck.org,4427
Ansaldo,Marks,ansaldo.marks@patel-odonnell.com,2881
Regina,Morin,regina.morin@barcaccia.net,2339
Karla,Medici,karla.medici@yahoo.com,5156
Morgan,Irizarry,morgan.irizarry@williams-harris.biz,4750
Natividad,Wong,natividad.wong@hoevel.com,4852
Anna,Freeman,anna.freeman@snyder.net,5734
Emilia,Vivaldi,emilia.vivaldi@garnier.fr,3801
Gerda,Cook,gerda.cook@tin.it,4474
Andrey,Faure,andrey.faure@frederick-mitchell.info,1992
Charlotte,Duke,charlotte.duke@ochoa.org,5796
Cindy,Castillo,cindy.castillo@virgilio.it,1373
Hiltrud,Thibault,hiltrud.thibault@barbe.com,1879
Kasimir,Jaime,kasimir.jaime@gmail.com,3072
Sabine,Lachmann,sabine.lachmann@phillips.org,4561
Andrea,Arroyo,andrea.arroyo@yahoo.com.au,5201
Matthew,Velasquez,matthew.velasquez@gmail.com,5871
Severino,Linares,severino.linares@angeli.com,3041
Swantje,Lomeli,swantje.lomeli@gmx.de,5864
Marcus,Espino,marcus.espino@comolli.eu,3999
Allen,Gates,allen.gates@gmail.com,4849
Mauricio,Saunders,mauricio.saunders@hotmail.co.uk,5461
Gilbert,Cornejo,gilbert.cornejo@hotmail.com,5946
Letizia,Gulotta,letizia.gulotta@howard.biz,4508
Etta,Gutknecht,etta.gutknecht@leconte.net,5096
Shelley,Perry,shelley.perry@gierschner.de,5443
Geoffrey,Williams,geoffrey.williams@poste.it,2165
Cory,Stewart,cory.stewart@voila.fr,2125
Kristy,Bartlett,kristy.bartlett@outlook.com,6141
Gianluca,Beck,gianluca.beck@green.biz,5245
Guido,Krein,guido.krein@gmail.com,2190
Leif,Monnier,leif.monnier@querini.it,2243
Jonas,Badoer,jonas.badoer@kennedy.biz,3336
Devin,Ebert,devin.ebert@yahoo.fr,3305
Slobodan,Camiscione,slobodan.camiscione@hotmail.com,6191
Volkmar,Gauthier,volkmar.gauthier@hotmail.com,1326
Jordan,Rowe,jordan.rowe@outlook.com,6159
Manon,Daugherty,manon.daugherty@segre.com,2003
Estela,Segovia,estela.segovia@vodafone.it,5881
Giada,Celentano,giada.celentano@evans.net,1918
Clayton,Salcedo,clayton.salcedo@hotmail.co.uk,2157
Raven,Pinto,raven.pinto@hotmail.com,3149
Lewis,Lewis,lewis.lewis@pisano.net,2444
Rochus,Rousseau,rochus.rousseau@nguyen.com,6207
Belinda,Gamez,belinda.gamez@leleu.com,5580
Angelo,Lozano,angelo.lozano@macias.com,5942
Jorge,Monti,jorge.monti@clement.fr,1592
Ricky,Harrell,ricky.harrell@martin.edu,2344
Adriano,Wulf,adriano.wulf@schmidtke.net,5995
Pompeo,Bourdon,pompeo.bourdon@gmail.com,5022
Kristie,Garrett,kristie.garrett@wernecke.com,5991
Lodovico,Conley,lodovico.conley@yahoo.com,4020
Jean,Berthelot,jean.berthelot@oscuro.it,6028
Tadeusz,Medina,tadeusz.medina@jackson-clark.net,2790
Ruby,Carriera,ruby.carriera@hotmail.it,4033
Theres,Antonioni,theres.antonioni@hotmail.com,1261
Gloria,Morton,gloria.morton@outlook.com,1979
Graziano,Jensen,graziano.jensen@gmail.com,2122
Gianpaolo,Massey,gianpaolo.massey@bouvier.com,4506
Alain,Farmer,alain.farmer@hotmail.it,3016
Renato,Murillo,renato.murillo@club.com,3272
Edda,Ferraris,edda.ferraris@libero.it,1375
Luce,Marty,luce.marty@waehner.org,4014
Rotraud,Mitchell,rotraud.mitchell@laboratorios.com,3199
Israel,Watkins,israel.watkins@hotmail.com,2184
Nathan,Jennings,nathan.jennings@kim.com,2170
Gavin,Proietti,gavin.proietti@gmx.de,1478
Emma,Rios,emma.rios@yahoo.com.au,6163
Todd,Douglas,todd.douglas@web.de,1889
Oscar,Holsten,oscar.holsten@yahoo.com,5912
Ann,Peron,ann.peron@grupo.biz,2537
Senta,Grassi,senta.grassi@hotmail.com,2118
Kata,Mena,kata.mena@gmail.com,3234
Gianfranco,Hethur,gianfranco.hethur@stewart-lee.com.au,3842
Florentine,Saraceno,florentine.saraceno@gmail.com,3032
Giuliano,Bolzmann,giuliano.bolzmann@pacillo.it,3238
Alwine,Kostolzin,alwine.kostolzin@holloway.com,2059
Giacinto,Briggs,giacinto.briggs@yahoo.co.uk,5238
Holly,Negrete,holly.negrete@hotmail.com,2578
Mark,Trapanese,mark.trapanese@gmail.com,4789
Alyssa,Brun,alyssa.brun@chittolini-spadafora.it,2357
Cristina,Chevalier,cristina.chevalier@proyectos.com,1235
Shannon,Lefevre,shannon.lefevre@gmail.com,3558
Logan,Hornich,logan.hornich@tin.it,1707
Rosalia,Toro,rosalia.toro@free.fr,2842
Reiner,Poerio,reiner.poerio@yahoo.com,5318
Valentina,Pages,valentina.pages@hotmail.de,1620
Enrico,Fabre,enrico.fabre@gmail.com,4998
Sevim,Begue,sevim.begue@yahoo.com.au,3111
Sonja,Patberg,sonja.patberg@hotmail.com,1424
Christine,Hiller,christine.hiller@yahoo.com,3244
Maik,Beasley,maik.beasley@harper-brooks.biz,4643
Elliot,Santana,elliot.santana@gmx.de,6132
Eloy,Renzi,eloy.renzi@gmail.com,3790
Wolf,Lutz,wolf.lutz@nichols-jackson.com.au,1312
Giuseppe,Lee,giuseppe.lee@mahe.org,5686
Angelica,Cuellar,angelica.cuellar@zaguri-bellucci.net,2111
Bekir,Normand,bekir.normand@yahoo.de,5685
Carmine,Gonzales,carmine.gonzales@schleich.net,1905
Marianne,Hubert,marianne.hubert@hotmail.com,3271
Gonzalo,Montes,gonzalo.montes@hotmail.com,4178
Shelly,Guichard,shelly.guichard@gmail.com,3275
Tobias,Carbajal,tobias.carbajal@live.com,5713
Santiago,Berry,santiago.berry@aol.de,3339
Emilio,Davenport,emilio.davenport@zamora-russo.net,5585
Maurizio,Gute,maurizio.gute@knight.info,4407
Nadia,Travaglio,nadia.travaglio@colletti-broggini.com,1941
Elisa,Barkholz,elisa.barkholz@sfr.fr,4690
Cristal,Mazzini,cristal.mazzini@gmail.com,3607
Trevor,Granados,trevor.granados@gmail.com,2670
Matthieu,Mcdonald,matthieu.mcdonald@morrison.org,5261
Juliette,Preston,juliette.preston@gmail.com,4121
Stanislaw,Montalvo,stanislaw.montalvo@mcpherson-hughes.info,4620
Lilia,Lollobrigida,lilia.lollobrigida@le.com,4630
Brigitta,Shaw,brigitta.shaw@hotmail.co.uk,3440
Rebeca,Frey,rebeca.frey@gerard.fr,3572
Nicolas,Palacios,nicolas.palacios@meraz.com,5306
Susanna,Bonneau,susanna.bonneau@klingelhoefer.de,5122
Romina,Valentine,romina.valentine@hotmail.com,1368
Erika,Toussaint,erika.toussaint@sfr.fr,5370
Lothar,Laurent,lothar.laurent@garcia.com.au,5636
Chelsea,Verdugo,chelsea.verdugo@campbell.com,6033
Ria,Venier,ria.venier@murillo-estevez.com,3599
Carly,Summers,carly.summers@yahoo.co.uk,5566
Pasquale,Tomasini,pasquale.tomasini@hotmail.co.uk,1873
Stefani,Ughi,stefani.ughi@hotmail.it,3904
Jose,Huang,jose.huang@gmx.de,4453
Petros,Gaona,petros.gaona@googlemail.com,5481
Maximilian,Siering,maximilian.siering@gaito-fornaciari.org,2987
Ermenegildo,Holzapfel,ermenegildo.holzapfel@aol.de,2431
Damien,Leger,damien.leger@dixon.biz,4158
Zeferino,Barrera,zeferino.barrera@zedillo-velazquez.com,3753
Alfred,Pohl,alfred.pohl@fechner.net,4391
Marissa,Gaito,marissa.gaito@reed-campbell.edu,2026
Ariana,Houston,ariana.houston@hotmail.it,4547
Victor,Jacobs,victor.jacobs@young.com,2798
Henriette,Lang,henriette.lang@mimun.it,4732
Wilfriede,Baca,wilfriede.baca@caraballo.com,5126
Lucia,Riviere,lucia.riviere@samaniego.biz,5151
Gordon,Vigorelli,gordon.vigorelli@solano.com,2134
Diethard,Salgado,diethard.salgado@gmail.com,5786
Sue,Corrales,sue.corrales@cardenas-serna.org,5515
Arthur,Salazar,arthur.salazar@yahoo.com.au,4530
Fortunata,Schneider,fortunata.schneider@tiscali.it,4088
Gretchen,Serna,gretchen.serna@pichon.org,3667
Egon,Caron,egon.caron@hotmail.com,3286
Roberta,Finzi,roberta.finzi@knight-davies.co.uk,4804
Editha,Savage,editha.savage@davies.co.uk,5768
Allan,Emanuelli,allan.emanuelli@fernandes.org,6098
Laurence,Lucero,laurence.lucero@martin.org,2508
Istvan,Draghi,istvan.draghi@ifrance.com,5779
Luigi,Bonnet,luigi.bonnet@carriera-federico.it,1717
Yuridia,Fantozzi,yuridia.fantozzi@mcdonald.com,3368
Eraldo,Schmiedt,eraldo.schmiedt@hotmail.de,4265
Antoinette,Cox,antoinette.cox@bustamante.com,4455
Cameron,Ocampo,cameron.ocampo@hotmail.com.au,2940
Lynn,Lawson,lynn.lawson@leclercq.com,6144
Natalia,Seifert,natalia.seifert@ifrance.com,3657
Nuray,Anguillara,nuray.anguillara@yahoo.co.uk,1537
Beate,Morgan,beate.morgan@gmail.com,2116
Mario,Rees,mario.rees@gmx.de,5102
Galasso,Junken,galasso.junken@yahoo.co.uk,5815
Luca,Moses,luca.moses@franke.de,4250
Aurelio,Gertz,aurelio.gertz@hewitt.net,4533
Uberto,Steele,uberto.steele@outlook.com,3329
Annie,Hunter,annie.hunter@allen.co.uk,3606
Jo,Mccarty,jo.mccarty@hotmail.com,4749
Eitel,Lombard,eitel.lombard@thomas.net,2222
Susan,Vigliotti,susan.vigliotti@yahoo.co.uk,1939
Jacqueline,Germano,jacqueline.germano@valette.fr,2456
Fidel,Ruppert,fidel.ruppert@yahoo.co.uk,2794
Margaret,Eigenwillig,margaret.eigenwillig@yahoo.com,2648
Yvette,Harding,yvette.harding@yahoo.co.uk,2545
Federigo,Karge,federigo.karge@bohlander.com,3273
Guenther,Armenta,guenther.armenta@free.fr,6155
Coriolano,Higgins,coriolano.higgins@murphy.org.au,6064
Felix,Rubio,felix.rubio@ebert.de,1729
Melanie,Leveque,melanie.leveque@fleury.net,4969
Abbie,Galeati,abbie.galeati@ubaldi.it,3402
Vittorio,Caccioppoli,vittorio.caccioppoli@yahoo.com,2810
Biagio,Valenzuela,biagio.valenzuela@robinson.info,2217
Dario,Green,dario.green@live.com,5140
Alwina,Textor,alwina.textor@poste.it,4497
Diether,Baeza,diether.baeza@grupo.biz,5100
Sole,Trevino,sole.trevino@hotmail.com,3390
Darren,Bernardi,darren.bernardi@brooks-martin.com,1926
Martina,Heser,martina.heser@morellato.it,3264
Bethan,Giacometti,bethan.giacometti@gmail.com,2573
Ethan,Duhamel,ethan.duhamel@sfr.fr,3628
Corrado,Warren,corrado.warren@hotmail.com.au,3826
Damian,Pulido,damian.pulido@yahoo.de,5983
Dino,Osborne,dino.osborne@despacho.com,5678
Nicolaus,Bernetti,nicolaus.bernetti@aol.de,2093
Gianna,Carroll,gianna.carroll@perez.com,5333
Grit,Knight,grit.knight@web.de,5139
Erin,Weinhold,erin.weinhold@hotmail.fr,3173
Craig,Jordan,craig.jordan@gmail.com,3333
Homero,Respighi,homero.respighi@gmail.com,2262
Fanny,Pertile,fanny.pertile@gmail.com,1531
Fridolin,Comboni,fridolin.comboni@graf.com,4881
Hugh,Cantu,hugh.cantu@libero.it,3928
Alphons,Simmons,alphons.simmons@hotmail.com,1803
Ludovico,Cafarchia,ludovico.cafarchia@gmail.com,2321
Nico,Kaiser,nico.kaiser@almonte.com,6234
Kirsty,Lamy,kirsty.lamy@alonzi.it,1422
Joshua,Scheibe,joshua.scheibe@turci.org,2660
Carin,Pineau,carin.pineau@yahoo.com,5361
Ellie,Galarza,ellie.galarza@pareto-cattaneo.net,3420
Marion,Lira,marion.lira@ifrance.com,4337
Aurelia,Angiolello,aurelia.angiolello@lord.com,2338
Maura,Ravaglioli,maura.ravaglioli@yahoo.com,4140
Brunhilde,Fletcher,brunhilde.fletcher@schomber.de,2373
Ottfried,Marques,ottfried.marques@tyler-watson.info,1344
Christelle,Blasi,christelle.blasi@morris-chan.com,2141
Augusto,Vercelloni,augusto.vercelloni@club-internet.fr,3415
Michela,Pruvost,michela.pruvost@holt.co.uk,5696
Guarino,Escalante,guarino.escalante@hotmail.com,1798
Gabriela,Padilla,gabriela.padilla@pearson-russell.com,1657
Agathe,Dias,agathe.dias@jackson.com,3651
Werner,Kallert,werner.kallert@gmail.com,3574
Lore,Delaunay,lore.delaunay@yahoo.com,6063
Enzio,Campos,enzio.campos@tim.it,2404
Walther,Duarte,walther.duarte@web.de,2705
Adelgunde,Trevisan,adelgunde.trevisan@gmail.com,5059
Thierry,Schwartz,thierry.schwartz@travaglio.net,5466
Katie,Andersen,katie.andersen@haney.com.au,5821
Kathy,Zamorani,kathy.zamorani@hotmail.com,5385
Giuseppina,Tanguy,giuseppina.tanguy@wanadoo.fr,3506
Jack,Klapp,jack.klapp@hotmail.com.au,5427
Tom,Leconte,tom.leconte@woods-johnson.com,6142
Bonnie,Cignaroli,bonnie.cignaroli@yahoo.com,2873
Danny,Farrell,danny.farrell@hotmail.com,3916
Fiorenzo,Bauer,fiorenzo.bauer@gmail.com,1687
Randy,Alfieri,randy.alfieri@verri.org,1542
Tim,Bradley,tim.bradley@schlosser.de,3087
Yves,Mendez,yves.mendez@gmail.com,3857
Raffaella,Esquivel,raffaella.esquivel@gmail.com,5921
Lawrence,Vasari,lawrence.vasari@castillo.edu,3144
Sam,Adams,sam.adams@yahoo.com,2676
Mirco,Nicolini,mirco.nicolini@blin.net,3646
Graham,Bajardi,graham.bajardi@yahoo.com,1321
Luc,Quinn,luc.quinn@walker.com,1399
Stella,Ullrich,stella.ullrich@hotmail.com.au,3169
Calcedonio,Remy,calcedonio.remy@edwards-benton.com,2058
Nanni,Almaraz,nanni.almaraz@martin.com,1300
Pascual,Corradi,pascual.corradi@lopez.net.au,2075
Kristi,Grant,kristi.grant@yahoo.co.uk,2984
Manuel,Gracia,manuel.gracia@trussardi.eu,4768
Gionata,Hussain,gionata.hussain@yahoo.com,3682
Maria,Nguyen,maria.nguyen@hernadez.com,5901
Leon,Baker,leon.baker@hotmail.com,3540
Gianmarco,Alcaraz,gianmarco.alcaraz@zacchia.net,2225
Derrick,Little,derrick.little@small.org,1485
Terry,Ramirez,terry.ramirez@hotmail.co.uk,5343
Katarina,Clarke,katarina.clarke@hotmail.com.au,5594
Leila,Washington,leila.washington@gmail.com,2482
Mirko,Townsend,mirko.townsend@schmitt.com,2706
Randall,Connolly,randall.connolly@jovinelli-castelli.com,4861
Pia,Burgess,pia.burgess@proyectos.org,2961
Justine,Mancini,justine.mancini@tiscali.it,3043
Reynaldo,Wagenknecht,reynaldo.wagenknecht@faure.com,6103
Toni,Magrassi,toni.magrassi@gmail.com,4708
Patrizio,Cisneros,patrizio.cisneros@martinez.edu.au,4395
Durante,Lindner,durante.lindner@picard.fr,4912
Rosl,Lamborghini,rosl.lamborghini@hiller.net,2030
Ugo,Harrison,ugo.harrison@morley-chapman.co.uk,5235
Isidor,Carpenter,isidor.carpenter@chauvin.com,5001
Marie,Zoppetto,marie.zoppetto@kallert.de,4093
Branko,Chambers,branko.chambers@ifrance.com,2576
Alan,Pineda,alan.pineda@proyectos.info,6122
Carmen,Oestrovsky,carmen.oestrovsky@gmail.com,2813
Shane,Fernandez,shane.fernandez@hotmail.de,3737
Debbie,Guilbert,debbie.guilbert@berg.edu,2803
Vito,Dossi,vito.dossi@hotmail.co.uk,5508
Evan,Schacht,evan.schacht@price.com,3850
Mandy,Weston,mandy.weston@free.fr,4220
Paulo,Zito,paulo.zito@nelson.biz,4532
Alberto,Girschner,alberto.girschner@laboratorios.com,6013
Giacomo,Bouvet,giacomo.bouvet@gmail.com,3396
Ehrentraud,Puga,ehrentraud.puga@laboratorios.com,4401
Cristian,Hale,cristian.hale@hotmail.co.uk,2981
Lilija,Charles,lilija.charles@gmail.com,4467
Albert,Legendre,albert.legendre@lee.com,1377
Marisa,Renaud,marisa.renaud@smith.org,5036
Sharon,Diallo,sharon.diallo@gmail.com,5761
Eduardo,Delattre,eduardo.delattre@lynch.net.au,3699
Bernadette,Wang,bernadette.wang@gmail.com,4519
Dina,Gibbons,dina.gibbons@brewer.net,5395
Clara,Armstrong,clara.armstrong@vodafone.it,3057
Elliott,Herrmann,elliott.herrmann@hotmail.com.au,2741
Graziella,Vidal,graziella.vidal@hotmail.com,1675
Francisca,Becerra,francisca.becerra@young.com.au,2712
Edeltrud,Boyer,edeltrud.boyer@outlook.com,4527
Julian,Noble,julian.noble@hill.org.au,1722
Christophe,Bohnbach,christophe.bohnbach@ifrance.com,4330
Ippazio,Angulo,ippazio.angulo@yahoo.com,5219
Grace,Kroker,grace.kroker@hotmail.com,4997
Jared,Ferguson,jared.ferguson@roberts.com,2239
Virginie,McLean,virginie.mclean@yahoo.com,4587
Mason,Potter,mason.potter@gmail.com,4113
Aaron,Anaya,aaron.anaya@hotmail.com.au,4762
Leah,Ornelas,leah.ornelas@gmail.com,5242
Harald,Roy,harald.roy@web.de,5765
Micaela,Martel,micaela.martel@hotmail.com,2185
Vincentio,Sanders,vincentio.sanders@voila.fr,5500
Bettina,Norbiato,bettina.norbiato@allen-lutz.org,3494
Julio,Renner,julio.renner@industrias.net,3924
Jelena,Stiffel,jelena.stiffel@trupp.de,3521
Guadalupe,Munoz,guadalupe.munoz@murray-hamilton.com.au,5262
Whitney,Noack,whitney.noack@laboratorios.org,3684
Gelsomina,Migliaccio,gelsomina.migliaccio@junk.com,5784
Evangelista,Pereira,evangelista.pereira@thompson-peterson.biz,1498
Gareth,Comolli,gareth.comolli@tiscali.fr,6073
Michelangelo,Hess,michelangelo.hess@bouygtel.fr,4939
